{"cameraMode":{"drawMode":0,"name":"Shaded","section":"Shading Mode"},"sceneLighting":true,"audioPlay":false,"sceneViewState":{"m_AlwaysRefresh":false,"showFog":true,"showSkybox":true,"showFlares":true,"showImageEffects":true,"showParticleSystems":true,"showVisualEffectGraphs":true,"m_FxEnabled":true},"in2DMode":false,"pivot":{"x":1.2051641941070557,"y":-165.6033477783203,"z":83.29280853271485},"rotation":{"x":0.4025508165359497,"y":-0.006578343920409679,"z":0.0028961736243218185,"w":0.9153786897659302},"size":123.13839721679688,"orthographic":false}